cell_id,row,col,centroid_lng,centroid_lat,secondary_250m,secondary_500m,secondary_750m,secondary_1000m,primary_1000m,primary_2000m,primary_4000m,secondary_rating_kva_1000m,primary_rating_kva_4000m,nearest_transformer_m,nearest_secondary_m,nearest_primary_m,weighted_capacity_kva,available_capacity_kw_proxy,peak_kw_proxy_2026,headroom_kw_proxy_2026,overload_risk_2026,asset_age_mean,missing_rating_share,data_support_score,confidence,electricity_index,jobs_index,buildings_index,services_index,traffic_index,development_pressure,planning_intensity,transit_access,deprivation_weight
belfast_00_00,0,0,-6.074546,54.525143,1,2,2,2,1,1,2,1000.0,32000.0,166.5,170.0,166.5,21678.541,9052.935,2359.55,6693.385,0.0,,0.0,0.58,medium,0.414,0.088,0.352,0.098,0.231,0.115,0.078,0.18,0.0
belfast_00_01,0,1,-6.06091,54.525143,0,0,1,2,1,2,3,1000.0,48000.0,579.5,579.5,752.9,24696.094,10277.478,2414.85,7862.628,0.0,,0.0,0.58,medium,0.422,0.088,0.37,0.098,0.241,0.139,0.089,0.18,0.0
belfast_00_02,0,2,-6.047273,54.525143,0,0,1,1,0,2,3,500.0,48000.0,576.3,576.3,1061.2,24633.154,10252.771,2456.35,7796.421,0.0,,0.0,0.58,medium,0.429,0.088,0.38,0.098,0.247,0.153,0.097,0.18,0.0
belfast_00_03,0,3,-6.033637,54.525143,0,1,2,2,1,1,4,1000.0,64000.0,322.8,322.8,998.5,27170.77,11333.118,2462.8,8870.318,0.0,,0.0,0.58,medium,0.431,0.088,0.378,0.098,0.245,0.152,0.096,0.18,0.0
belfast_00_04,0,4,-6.020001,54.525143,0,0,1,1,0,1,4,500.0,64000.0,606.7,606.7,1555.6,23698.987,9880.264,2436.8,7443.464,0.0,,0.0,0.58,medium,0.428,0.088,0.368,0.098,0.241,0.136,0.088,0.18,0.0
belfast_00_05,0,5,-6.006364,54.525143,0,0,0,0,0,0,3,0,48000.0,1374.5,1374.5,2322.6,16470.612,6864.236,2393.6,4470.636,0.0,,0.0,0.58,medium,0.422,0.088,0.356,0.098,0.237,0.112,0.076,0.18,0.0
belfast_00_06,0,6,-5.992728,54.525143,0,0,0,0,0,0,3,0,48000.0,1803.9,1803.9,2869.0,13057.591,5427.98,2349.4,3078.58,0.0,,0.0,0.58,medium,0.415,0.088,0.346,0.098,0.234,0.092,0.066,0.18,0.0
belfast_00_07,0,7,-5.979091,54.525143,0,0,0,0,0,0,2,0,32000.0,2415.3,2415.3,3503.9,7245.212,3007.665,2327.25,680.415,0.3763,,0.0,0.58,medium,0.411,0.088,0.342,0.098,0.232,0.085,0.063,0.18,0.0
belfast_00_08,0,8,-5.965455,54.525143,0,0,0,0,0,0,1,0,16000.0,3133.1,3133.1,3866.1,3434.784,1424.879,2334.35,-909.471,0.6654,,0.0,0.34,low,0.411,0.088,0.346,0.098,0.233,0.095,0.067,0.18,0.0
belfast_00_09,0,9,-5.951819,54.525143,0,0,0,0,0,0,1,0,16000.0,3287.6,3287.6,3305.5,4275.245,1771.086,2367.35,-596.264,0.6084,,0.0,0.34,low,0.415,0.088,0.357,0.098,0.236,0.116,0.078,0.18,0.0
belfast_00_10,0,10,-5.938182,54.525143,0,0,0,0,0,0,1,0,16000.0,2891.4,2891.4,2908.2,5019.977,2080.492,2414.85,-334.358,0.5608,,0.0,0.34,low,0.422,0.088,0.37,0.098,0.241,0.139,0.09,0.18,0.0
belfast_00_11,0,11,-5.924546,54.525143,0,0,0,0,0,0,1,0,16000.0,2732.0,2732.0,2745.9,5366.887,2225.368,2452.7,-227.332,0.5413,,0.0,0.34,low,0.428,0.088,0.38,0.098,0.246,0.154,0.097,0.18,0.0
belfast_00_12,0,12,-5.91091,54.525143,0,0,0,0,0,0,1,0,16000.0,2564.9,2564.9,2858.9,5138.338,2131.538,2464.75,-333.212,0.5606,,0.0,0.34,low,0.431,0.088,0.381,0.098,0.248,0.152,0.096,0.18,0.0
belfast_00_13,0,13,-5.897273,54.525143,0,0,0,0,0,0,1,0,16000.0,2332.6,2332.6,3218.5,4459.97,1851.192,2430.3,-579.108,0.6053,,0.0,0.58,medium,0.427,0.088,0.365,0.098,0.238,0.135,0.088,0.18,0.0
belfast_00_14,0,14,-5.883637,54.525143,0,0,0,0,0,0,1,0,16000.0,1843.9,1843.9,3754.3,3620.82,1505.159,2391.0,-885.841,0.6611,,0.0,0.58,medium,0.422,0.088,0.352,0.098,0.233,0.112,0.076,0.18,0.0
belfast_00_15,0,15,-5.870001,54.525143,0,0,0,1,0,0,1,500.0,16000.0,990.4,990.4,3982.4,3375.718,1410.781,2347.45,-936.669,0.6703,,0.0,0.58,medium,0.415,0.088,0.343,0.098,0.231,0.092,0.066,0.18,0.0
belfast_00_16,0,16,-5.856364,54.525143,0,1,1,1,0,0,0,500.0,0,337.2,337.2,4053.2,303.102,158.219,2320.55,-2162.331,0.8932,,0.0,0.58,medium,0.41,0.088,0.338,0.098,0.228,0.085,0.063,0.18,0.0
belfast_00_17,0,17,-5.842728,54.525143,0,0,0,1,0,0,0,500.0,0,893.9,893.9,4306.7,126.396,65.979,2329.6,-2263.621,0.9116,,0.0,0.58,medium,0.41,0.088,0.345,0.098,0.231,0.095,0.067,0.18,0.0
belfast_00_18,0,18,-5.829091,54.525143,0,0,0,0,0,0,0,0,0,1742.6,1742.6,4713.6,34.249,17.878,2369.75,-2351.872,0.9276,,0.0,0.58,medium,0.415,0.088,0.36,0.098,0.239,0.117,0.078,0.18,0.0
belfast_00_19,0,19,-5.815455,54.525143,0,0,0,0,0,0,0,0,0,2612.8,2612.8,5238.2,8.98,4.687,2422.65,-2417.963,0.9396,,0.0,0.34,low,0.423,0.088,0.375,0.098,0.246,0.14,0.09,0.18,0.0
belfast_00_20,0,20,-5.801819,54.525143,0,0,0,0,0,0,0,0,0,3488.4,3488.4,5849.0,2.335,1.219,2458.1,-2456.881,0.9467,,0.0,0.34,low,0.429,0.088,0.382,0.098,0.249,0.154,0.097,0.18,0.0
belfast_00_21,0,21,-5.788182,54.525143,0,0,0,0,0,0,0,0,0,4366.2,4366.2,6521.8,0.0,0.0,2463.45,-2463.45,0.9479,,0.0,0.34,low,0.431,0.088,0.379,0.098,0.246,0.152,0.096,0.18,0.0
belfast_01_00,1,0,-6.074546,54.538,0,0,0,0,0,1,4,0,64000.0,1525.2,1530.1,1525.2,24261.213,10061.438,2458.3,7603.138,0.0,,0.0,0.58,medium,0.429,0.088,0.383,0.098,0.249,0.153,0.097,0.18,0.0
belfast_01_01,1,1,-6.06091,54.538,0,0,0,0,0,2,5,0,80000.0,1153.9,1153.9,1478.9,32210.564,13370.232,2464.75,10905.482,0.0,,0.0,0.58,medium,0.431,0.088,0.381,0.098,0.249,0.152,0.096,0.18,0.0
belfast_01_02,1,2,-6.047273,54.538,0,0,2,2,1,2,5,1000.0,80000.0,569.1,569.1,711.7,37286.812,15515.714,2436.8,13078.914,0.0,,0.0,0.58,medium,0.428,0.088,0.368,0.098,0.24,0.136,0.088,0.18,0.0
belfast_01_03,1,3,-6.033637,54.538,0,1,1,1,1,2,5,500.0,80000.0,337.1,337.1,614.4,39596.092,16524.095,2391.0,14133.095,0.0,,0.0,0.58,medium,0.422,0.088,0.352,0.098,0.233,0.112,0.076,0.18,0.0
belfast_01_04,1,4,-6.020001,54.538,0,1,4,8,1,2,6,4000.0,96000.0,361.7,361.7,771.9,40336.06,16913.266,2341.4,14571.866,0.0,,0.0,0.58,medium,0.414,0.088,0.34,0.098,0.227,0.092,0.066,0.18,0.0
belfast_01_05,1,5,-6.006364,54.538,1,4,5,7,0,1,5,3500.0,80000.0,176.1,176.1,1240.5,32489.985,13680.252,2321.85,11358.402,0.0,,0.0,0.58,medium,0.41,0.088,0.34,0.098,0.23,0.085,0.063,0.18,0.0
belfast_01_06,1,6,-5.992728,54.538,0,0,0,1,0,0,5,500.0,80000.0,954.0,954.0,2008.2,26350.953,10984.357,2305.6,8678.757,0.0,,0.0,0.58,medium,0.407,0.088,0.327,0.098,0.212,0.095,0.067,0.18,0.0
belfast_01_07,1,7,-5.979091,54.538,0,0,0,0,0,0,6,0,96000.0,1827.8,1827.8,2842.1,24833.412,10304.785,2361.4,7943.385,0.0,,0.0,0.58,medium,0.414,0.103,0.338,0.144,0.216,0.116,0.078,0.18,0.0
belfast_01_08,1,8,-5.965455,54.538,0,0,0,0,0,0,4,0,64000.0,2531.2,2531.2,3026.9,16312.925,6762.455,2431.6,4330.855,0.0,,0.0,0.34,low,0.424,0.103,0.367,0.144,0.238,0.139,0.09,0.18,0.0
belfast_01_09,1,9,-5.951819,54.538,0,0,0,0,0,0,2,0,32000.0,2250.4,2250.4,2267.9,10512.652,4359.814,2450.75,1909.064,0.1529,,0.0,0.58,medium,0.428,0.088,0.377,0.098,0.244,0.154,0.097,0.18,0.0
belfast_01_10,1,10,-5.938182,54.538,0,0,0,0,0,1,2,0,32000.0,1617.7,1617.7,1635.7,11704.613,4860.962,2462.8,2398.162,0.064,,0.0,0.58,medium,0.431,0.088,0.378,0.098,0.245,0.152,0.096,0.18,0.0
belfast_01_11,1,11,-5.924546,54.538,0,0,0,0,0,1,1,0,16000.0,1311.7,1311.7,1325.9,9662.864,4027.291,2437.0,1590.291,0.2109,,0.0,0.58,medium,0.428,0.088,0.369,0.098,0.242,0.135,0.088,0.18,0.0
belfast_01_12,1,12,-5.91091,54.538,0,0,0,0,0,1,3,0,48000.0,1412.0,1412.0,1546.5,16435.125,6834.38,2394.25,4440.13,0.0,,0.0,0.58,medium,0.422,0.088,0.357,0.098,0.238,0.112,0.076,0.18,0.0
belfast_01_13,1,13,-5.897273,54.538,0,0,0,1,0,0,3,500.0,48000.0,925.4,925.4,2139.1,16369.741,6810.852,2349.4,4461.452,0.0,,0.0,0.58,medium,0.415,0.088,0.346,0.098,0.234,0.092,0.066,0.18,0.0
belfast_01_14,1,14,-5.883637,54.538,0,0,0,0,0,0,3,0,48000.0,1127.0,1127.0,2747.1,15859.262,6592.807,2326.6,4266.207,0.0,,0.0,0.58,medium,0.411,0.088,0.341,0.098,0.231,0.085,0.063,0.18,0.0
belfast_01_15,1,15,-5.870001,54.538,0,0,0,0,0,0,3,0,48000.0,1763.3,1763.3,2562.1,14702.295,6102.638,2333.7,3768.938,0.0,,0.0,0.58,medium,0.411,0.088,0.345,0.098,0.231,0.095,0.067,0.18,0.0
belfast_01_16,1,16,-5.856364,54.538,0,0,0,0,0,0,2,0,32000.0,1755.2,1755.2,2670.8,10167.39,4218.791,2367.8,1850.991,0.1635,,0.0,0.58,medium,0.415,0.088,0.357,0.098,0.236,0.117,0.078,0.18,0.0
belfast_01_17,1,17,-5.842728,54.538,0,0,0,0,0,0,2,0,32000.0,1940.6,1940.6,3041.7,8553.463,3546.16,2415.95,1130.21,0.2945,,0.0,0.58,medium,0.422,0.088,0.371,0.098,0.242,0.14,0.09,0.18,0.0
belfast_01_18,1,18,-5.829091,54.538,0,0,0,0,0,0,1,0,16000.0,2450.1,2450.1,3594.6,3812.549,1579.857,2454.0,-874.143,0.6589,,0.0,0.58,medium,0.428,0.088,0.382,0.098,0.248,0.154,0.097,0.18,0.0
belfast_01_19,1,19,-5.815455,54.538,0,0,0,0,0,0,0,0,0,3129.2,3129.2,4259.2,4.057,2.118,2465.4,-2463.282,0.9479,,0.0,0.34,low,0.431,0.088,0.382,0.098,0.249,0.152,0.096,0.18,0.0
belfast_01_20,1,20,-5.801819,54.538,0,0,0,0,0,0,0,0,0,3890.0,3890.0,4991.0,1.259,0.657,2442.4,-2441.743,0.944,,0.0,0.34,low,0.429,0.088,0.371,0.098,0.244,0.135,0.087,0.18,0.0
belfast_01_21,1,21,-5.788182,54.538,0,0,0,0,0,0,0,0,0,4693.1,4693.1,5764.6,0.0,0.0,2392.5,-2392.5,0.935,,0.0,0.34,low,0.422,0.088,0.355,0.098,0.236,0.111,0.075,0.18,0.0
belfast_02_00,2,0,-6.074546,54.550857,0,0,0,0,0,1,5,0,80000.0,1585.1,1586.2,1585.1,25894.802,10733.321,2443.5,8289.821,0.0,,0.0,0.58,medium,0.429,0.088,0.372,0.098,0.245,0.136,0.088,0.18,0.0
belfast_02_01,2,1,-6.06091,54.550857,0,0,0,0,0,1,6,0,96000.0,1210.8,1210.8,1215.3,35738.585,14828.737,2368.95,12459.787,0.0,,0.0,0.58,medium,0.419,0.088,0.337,0.098,0.216,0.112,0.076,0.18,0.0
belfast_02_02,2,2,-6.047273,54.550857,0,0,0,1,0,3,6,500.0,96000.0,766.5,766.5,1411.1,40796.749,16956.426,2322.15,14634.276,0.0,,0.0,0.58,medium,0.412,0.088,0.323,0.098,0.209,0.092,0.066,0.18,0.0
belfast_02_03,2,3,-6.033637,54.550857,0,0,1,1,0,3,8,500.0,128000.0,599.7,599.7,1022.8,52275.386,21776.165,2319.9,19456.265,0.0,,0.0,0.58,medium,0.41,0.088,0.337,0.098,0.227,0.085,0.063,0.18,0.0
belfast_02_04,2,4,-6.020001,54.550857,0,1,7,10,2,2,7,5000.0,112000.0,434.0,434.0,662.0,53115.623,22225.291,2344.4,19880.891,0.0,,0.0,0.58,medium,0.412,0.103,0.339,0.144,0.225,0.095,0.067,0.18,0.017
belfast_02_05,2,5,-6.006364,54.550857,0,0,2,4,0,2,9,2000.0,144000.0,597.8,597.8,1087.3,55508.913,23160.241,2377.5,20782.741,0.0,,0.0,0.58,medium,0.416,0.118,0.334,0.19,0.212,0.116,0.078,0.18,0.128
belfast_02_06,2,6,-5.992728,54.550857,0,0,0,0,0,3,8,0,128000.0,1171.5,1171.5,1790.9,46565.311,19363.251,2406.95,16956.301,0.0,,0.0,0.58,medium,0.421,0.103,0.348,0.144,0.218,0.139,0.09,0.18,0.207
belfast_02_07,2,7,-5.979091,54.550857,0,0,0,1,0,1,8,500.0,128000.0,908.9,908.9,1594.0,42295.338,17559.965,2480.45,15079.515,0.0,,0.0,0.58,medium,0.432,0.118,0.361,0.19,0.225,0.16,0.103,0.18,0.241
belfast_02_08,2,8,-5.965455,54.550857,0,0,0,0,0,1,9,0,144000.0,1352.7,1352.7,1805.8,42831.574,17760.046,2655.25,15104.796,0.0,,0.0,0.58,medium,0.461,0.132,0.398,0.198,0.259,0.209,0.149,0.188,0.226
belfast_02_09,2,9,-5.951819,54.550857,0,0,0,0,0,1,6,0,96000.0,1833.0,1833.0,1844.0,31996.219,13267.97,2837.25,10430.72,0.0,,0.0,0.58,medium,0.492,0.179,0.418,0.225,0.284,0.229,0.172,0.197,0.164
belfast_02_10,2,10,-5.938182,54.550857,0,0,0,3,1,1,5,1500.0,80000.0,955.7,955.7,965.9,29813.74,12392.144,2842.75,9549.394,0.0,,0.0,0.58,medium,0.495,0.167,0.426,0.144,0.293,0.221,0.201,0.202,0.065
belfast_02_11,2,11,-5.924546,54.550857,3,3,3,3,1,1,8,1500.0,128000.0,109.5,109.5,126.7,44029.739,18389.421,2756.0,15633.421,0.0,,0.0,0.58,medium,0.48,0.157,0.418,0.138,0.282,0.192,0.225,0.202,0.0
belfast_02_12,2,12,-5.91091,54.550857,0,1,1,4,1,1,7,2000.0,112000.0,348.3,348.3,805.8,39157.538,16322.447,2567.8,13754.647,0.0,,0.0,0.58,medium,0.449,0.118,0.393,0.115,0.26,0.153,0.198,0.197,0.0
belfast_02_13,2,13,-5.897273,54.550857,0,0,2,3,0,2,7,1500.0,112000.0,507.1,507.1,1683.1,40439.751,16848.868,2393.0,14455.868,0.0,,0.0,0.58,medium,0.421,0.097,0.351,0.103,0.229,0.113,0.12,0.188,0.0
belfast_02_14,2,14,-5.883637,54.550857,0,0,1,2,0,2,7,1000.0,112000.0,510.8,510.8,1395.8,41860.43,17428.917,2368.45,15060.467,0.0,,0.0,0.58,medium,0.415,0.088,0.358,0.098,0.237,0.117,0.078,0.18,0.0
belfast_02_15,2,15,-5.870001,54.550857,0,0,0,0,0,2,6,0,96000.0,1144.3,1150.2,1144.3,37591.873,15627.018,2420.05,13206.968,0.0,,0.0,0.58,medium,0.423,0.088,0.371,0.098,0.243,0.14,0.09,0.18,0.0
belfast_02_16,2,16,-5.856364,54.550857,0,0,0,0,0,2,4,0,64000.0,1366.5,1366.5,1370.3,26913.899,11173.553,2425.45,8748.103,0.0,,0.0,0.58,medium,0.425,0.088,0.357,0.098,0.223,0.154,0.097,0.18,0.0
belfast_02_17,2,17,-5.842728,54.550857,0,0,0,0,0,1,4,0,64000.0,1990.4,1990.4,1999.0,21581.2,8946.578,2458.05,6488.528,0.0,,0.0,0.58,medium,0.43,0.088,0.377,0.098,0.244,0.152,0.096,0.18,0.0
belfast_02_18,2,18,-5.829091,54.550857,0,0,0,0,0,0,4,0,64000.0,2757.9,2757.9,2768.4,16456.04,6816.847,2437.65,4379.197,0.0,,0.0,0.34,low,0.428,0.088,0.37,0.098,0.243,0.135,0.087,0.18,0.0
belfast_02_19,2,19,-5.815455,54.550857,0,0,0,0,0,0,1,0,16000.0,3577.7,3577.7,3589.1,3809.39,1577.307,2394.45,-817.143,0.6486,,0.0,0.34,low,0.422,0.088,0.358,0.098,0.239,0.111,0.075,0.18,0.0
belfast_02_20,2,20,-5.801819,54.550857,0,0,0,0,0,0,0,0,0,4420.8,4420.8,4432.8,0.0,0.0,2348.3,-2348.3,0.927,,0.0,0.34,low,0.415,0.088,0.345,0.098,0.233,0.091,0.066,0.18,0.0
belfast_02_21,2,21,-5.788182,54.550857,0,0,0,0,0,0,0,0,0,4608.0,4608.0,4987.2,0.0,0.0,2321.85,-2321.85,0.9222,,0.0,0.34,low,0.41,0.088,0.34,0.098,0.229,0.085,0.063,0.18,0.0
belfast_03_00,3,0,-6.074546,54.563714,0,0,0,0,0,1,3,0,48000.0,1050.4,1059.6,1050.4,18633.067,7736.5,2349.4,5387.1,0.0,,0.0,0.58,medium,0.415,0.088,0.346,0.098,0.234,0.092,0.066,0.18,0.0
belfast_03_01,3,1,-6.06091,54.563714,0,1,2,2,1,1,5,1000.0,80000.0,261.1,270.3,261.1,34114.343,14190.203,2327.25,11862.953,0.0,,0.0,0.58,medium,0.411,0.088,0.342,0.098,0.232,0.085,0.063,0.18,0.0
belfast_03_02,3,2,-6.047273,54.563714,0,0,0,2,1,2,6,1000.0,96000.0,756.8,756.8,763.0,41053.005,17061.5,2334.35,14727.15,0.0,,0.0,0.58,medium,0.411,0.088,0.346,0.098,0.232,0.095,0.067,0.18,0.0
belfast_03_03,3,3,-6.033637,54.563714,0,0,1,1,0,3,8,500.0,128000.0,633.0,633.0,1208.6,52437.699,21812.954,2364.75,19448.204,0.0,,0.0,0.58,medium,0.415,0.088,0.353,0.098,0.232,0.116,0.078,0.18,0.067
belfast_03_04,3,4,-6.020001,54.563714,0,1,4,4,1,3,9,2000.0,144000.0,253.3,253.3,621.6,61666.545,25693.152,2428.45,23264.702,0.0,,0.0,0.58,medium,0.424,0.118,0.346,0.19,0.216,0.139,0.09,0.18,0.234
belfast_03_05,3,5,-6.006364,54.563714,0,0,0,3,1,4,9,1500.0,144000.0,916.0,916.0,928.1,62800.959,26118.451,2483.05,23635.401,0.0,,0.0,0.58,medium,0.432,0.133,0.353,0.236,0.218,0.154,0.097,0.18,0.383
belfast_03_06,3,6,-5.992728,54.563714,0,0,2,6,2,3,9,3000.0,144000.0,664.5,664.5,691.0,64336.921,26760.466,2694.75,24065.716,0.0,,0.0,0.58,medium,0.466,0.179,0.387,0.337,0.253,0.194,0.131,0.193,0.499
belfast_03_07,3,7,-5.979091,54.563714,3,3,4,4,1,3,15,2000.0,240000.0,175.2,191.5,175.2,86241.121,35886.942,3122.45,32764.492,0.0,,0.0,0.58,medium,0.536,0.284,0.444,0.413,0.303,0.261,0.194,0.276,0.556
belfast_03_08,3,8,-5.965455,54.563714,0,0,0,3,1,3,13,1500.0,208000.0,866.4,875.3,866.4,76486.563,31745.102,3472.2,28272.902,0.0,,0.0,0.58,medium,0.594,0.37,0.489,0.436,0.347,0.311,0.245,0.334,0.531
belfast_03_09,3,9,-5.951819,54.563714,0,0,0,0,0,3,13,0,208000.0,1529.4,1744.1,1529.4,73874.617,30636.384,3686.65,26949.734,0.0,,0.0,0.58,medium,0.631,0.409,0.52,0.387,0.383,0.345,0.282,0.356,0.435
belfast_03_10,3,10,-5.938182,54.563714,0,0,0,0,0,2,18,0,288000.0,1485.3,1485.3,1499.6,88569.782,36738.55,3748.65,32989.9,0.0,,0.0,0.58,medium,0.641,0.403,0.547,0.305,0.405,0.362,0.337,0.34,0.296
belfast_03_11,3,11,-5.924546,54.563714,0,0,0,0,0,2,20,0,320000.0,1173.2,1173.2,1184.7,94555.973,39248.845,3702.3,35546.545,0.0,,0.0,0.58,medium,0.631,0.393,0.553,0.328,0.402,0.357,0.376,0.305,0.135
belfast_03_12,3,12,-5.91091,54.563714,0,0,0,0,0,2,16,0,256000.0,1093.9,1093.9,1451.5,81702.332,33940.49,3509.65,30430.84,0.0,,0.0,0.58,medium,0.599,0.331,0.537,0.288,0.382,0.34,0.36,0.283,0.0
belfast_03_13,3,13,-5.897273,54.563714,0,0,2,2,0,2,14,1000.0,224000.0,732.3,732.3,1209.2,77441.101,32209.859,3250.7,28959.159,0.0,,0.0,0.58,medium,0.557,0.239,0.513,0.223,0.37,0.325,0.295,0.242,0.0
belfast_03_14,3,14,-5.883637,54.563714,1,5,5,6,1,4,11,3000.0,176000.0,233.6,233.6,333.6,74062.158,30901.071,2855.65,28045.421,0.0,,0.0,0.58,medium,0.495,0.127,0.455,0.117,0.323,0.27,0.193,0.211,0.0
belfast_03_15,3,15,-5.870001,54.563714,0,4,5,5,2,4,10,2500.0,160000.0,306.3,307.7,306.3,71067.875,29642.723,2553.75,27088.973,0.0,,0.0,0.58,medium,0.448,0.102,0.379,0.105,0.25,0.176,0.113,0.191,0.0
belfast_03_16,3,16,-5.856364,54.563714,0,0,0,1,1,4,6,500.0,96000.0,799.3,799.3,813.7,47128.303,19606.746,2409.75,17196.996,0.0,,0.0,0.58,medium,0.425,0.088,0.346,0.098,0.218,0.135,0.087,0.18,0.0
belfast_03_17,3,17,-5.842728,54.563714,0,0,0,0,0,1,7,0,112000.0,1653.0,1653.0,1667.2,39152.772,16243.713,2387.75,13855.963,0.0,,0.0,0.58,medium,0.421,0.088,0.354,0.098,0.235,0.111,0.075,0.18,0.0
belfast_03_18,3,18,-5.829091,54.563714,0,0,0,0,0,0,6,0,96000.0,2376.9,2376.9,2539.0,27991.986,11600.245,2344.2,9256.045,0.0,,0.0,0.58,medium,0.414,0.088,0.345,0.098,0.232,0.091,0.066,0.18,0.0
belfast_03_19,3,19,-5.815455,54.563714,0,0,0,0,0,0,4,0,64000.0,3095.9,3095.9,3337.7,15734.273,6518.293,2323.15,4195.143,0.0,,0.0,0.34,low,0.41,0.088,0.342,0.098,0.232,0.085,0.063,0.18,0.0
belfast_03_20,3,20,-5.801819,54.563714,0,0,0,0,0,0,2,0,32000.0,3372.5,3372.5,3389.8,7738.118,3206.008,2335.65,870.358,0.3418,,0.0,0.34,low,0.411,0.088,0.348,0.098,0.234,0.095,0.068,0.18,0.0
belfast_03_21,3,21,-5.788182,54.563714,0,0,0,0,0,0,2,0,32000.0,3189.6,3189.6,3597.6,7516.152,3113.779,2373.2,740.579,0.3653,,0.0,0.34,low,0.416,0.088,0.359,0.098,0.237,0.117,0.079,0.18,0.0
belfast_04_00,4,0,-6.074546,54.576572,0,0,0,0,0,1,2,0,32000.0,1186.4,1186.4,1932.5,12326.971,5123.414,2331.55,2791.864,0.0,,0.0,0.58,medium,0.41,0.088,0.348,0.098,0.234,0.095,0.067,0.18,0.0
belfast_04_01,4,1,-6.06091,54.576572,0,0,0,1,0,1,3,500.0,48000.0,810.0,810.0,1643.0,19372.713,8054.558,2369.3,5685.258,0.0,,0.0,0.58,medium,0.415,0.088,0.36,0.098,0.239,0.116,0.078,0.18,0.0
belfast_04_02,4,2,-6.047273,54.576572,0,0,0,0,0,2,5,0,80000.0,1023.7,1023.7,1281.9,30394.067,12628.495,2420.25,10208.245,0.0,,0.0,0.58,medium,0.423,0.088,0.372,0.098,0.243,0.139,0.09,0.18,0.0
belfast_04_03,4,3,-6.033637,54.576572,0,2,3,3,1,1,7,1500.0,112000.0,428.0,428.0,432.3,44599.169,18566.629,2450.75,16115.879,0.0,,0.0,0.58,medium,0.428,0.088,0.377,0.098,0.243,0.154,0.097,0.18,0.169
belfast_04_04,4,4,-6.020001,54.576572,0,1,3,3,1,2,8,1500.0,128000.0,468.7,468.7,528.0,52729.511,21935.629,2455.55,19480.079,0.0,,0.0,0.58,medium,0.43,0.103,0.357,0.144,0.223,0.152,0.096,0.18,0.362
belfast_04_05,4,5,-6.006364,54.576572,0,0,0,0,0,3,11,0,176000.0,1029.7,1029.7,1072.7,66085.195,27437.929,2565.25,24872.679,0.0,,0.0,0.58,medium,0.449,0.139,0.372,0.204,0.252,0.145,0.088,0.211,0.552
belfast_04_06,4,6,-5.992728,54.576572,0,0,1,5,2,4,13,2500.0,208000.0,694.7,694.7,744.6,82852.406,34417.829,2995.35,31422.479,0.0,,0.0,0.58,medium,0.519,0.25,0.42,0.328,0.289,0.221,0.16,0.335,0.734
belfast_04_07,4,7,-5.979091,54.576572,0,0,0,3,2,5,16,1500.0,256000.0,853.7,853.7,854.2,103210.297,42855.888,3576.65,39279.238,0.0,,0.0,0.58,medium,0.611,0.427,0.488,0.528,0.345,0.301,0.235,0.449,0.868
belfast_04_08,4,8,-5.965455,54.576572,0,0,0,0,1,5,18,0,288000.0,214.5,1142.6,214.5,120023.908,49825.988,4058.85,45767.138,0.0,,0.0,0.58,medium,0.689,0.534,0.561,0.532,0.405,0.39,0.314,0.538,0.799
belfast_04_09,4,9,-5.951819,54.576572,0,0,3,3,2,7,22,1500.0,352000.0,539.0,539.0,554.2,141309.293,58706.432,4550.75,54155.682,0.0,,0.0,0.58,medium,0.767,0.646,0.638,0.602,0.47,0.487,0.404,0.576,0.626
belfast_04_10,4,10,-5.938182,54.576572,0,0,0,9,2,6,24,4500.0,384000.0,888.5,888.5,896.8,149590.429,62164.297,4906.05,57258.247,0.0,,0.0,0.58,medium,0.821,0.734,0.698,0.73,0.504,0.561,0.495,0.545,0.438
belfast_04_11,4,11,-5.924546,54.576572,4,6,6,6,1,5,27,3000.0,432000.0,215.1,215.1,240.7,158919.648,66143.181,4876.6,61266.581,0.0,,0.0,0.58,medium,0.815,0.687,0.719,0.699,0.515,0.593,0.521,0.527,0.246
belfast_04_12,4,12,-5.91091,54.576572,0,1,1,11,1,3,26,5500.0,416000.0,396.0,396.0,872.5,148135.518,61594.768,4641.55,56953.218,0.0,,0.0,0.58,medium,0.777,0.567,0.718,0.575,0.526,0.605,0.507,0.5,0.053
belfast_04_13,4,13,-5.897273,54.576572,4,4,8,10,1,5,26,5000.0,416000.0,125.9,125.9,658.7,142792.896,59481.838,4266.5,55215.338,0.0,,0.0,0.58,medium,0.718,0.469,0.663,0.504,0.488,0.541,0.435,0.437,0.0
belfast_04_14,4,14,-5.883637,54.576572,1,1,1,9,1,5,19,4500.0,304000.0,119.4,119.4,988.5,114838.349,47818.198,3700.3,44117.898,0.0,,0.0,0.58,medium,0.63,0.33,0.577,0.335,0.42,0.425,0.34,0.341,0.0
belfast_04_15,4,15,-5.870001,54.576572,5,5,7,9,2,5,14,4500.0,224000.0,54.7,54.7,117.6,98933.852,41327.785,3046.1,38281.685,0.0,,0.0,0.58,medium,0.528,0.186,0.468,0.195,0.339,0.282,0.223,0.229,0.0
belfast_04_16,4,16,-5.856364,54.576572,1,2,4,8,2,4,10,4000.0,160000.0,140.3,140.3,749.5,69697.334,29065.906,2488.3,26577.606,0.0,,0.0,0.58,medium,0.439,0.104,0.362,0.106,0.251,0.134,0.1,0.193,0.0
belfast_04_17,4,17,-5.842728,54.576572,0,0,0,1,0,2,9,500.0,144000.0,925.8,925.8,1627.0,51920.456,21563.393,2305.2,19258.193,0.0,,0.0,0.58,medium,0.408,0.088,0.327,0.098,0.216,0.085,0.063,0.18,0.0
belfast_04_18,4,18,-5.829091,54.576572,0,0,0,0,0,0,7,0,112000.0,1800.8,1800.8,2212.4,36732.616,15234.44,2330.9,12903.54,0.0,,0.0,0.58,medium,0.41,0.088,0.347,0.098,0.233,0.095,0.068,0.18,0.0
belfast_04_19,4,19,-5.815455,54.576572,0,0,0,0,0,1,6,0,96000.0,1922.8,1923.7,1922.8,28709.014,11906.052,2374.5,9531.552,0.0,,0.0,0.58,medium,0.416,0.088,0.361,0.098,0.24,0.117,0.079,0.18,0.0
belfast_04_20,4,20,-5.801819,54.576572,0,0,0,0,0,0,2,0,32000.0,1982.2,1982.2,2011.8,13466.761,5594.494,2422.0,3172.494,0.0,,0.0,0.58,medium,0.423,0.088,0.374,0.098,0.245,0.14,0.09,0.18,0.0
belfast_04_21,4,21,-5.788182,54.576572,0,0,0,0,0,0,2,0,32000.0,1775.7,1775.7,2177.8,12882.668,5350.035,2456.8,2893.235,0.0,,0.0,0.58,medium,0.429,0.088,0.38,0.098,0.247,0.154,0.097,0.18,0.0
belfast_05_00,5,0,-6.074546,54.589429,0,1,1,1,0,0,2,500.0,32000.0,312.2,312.2,3225.7,8795.912,3677.632,2417.45,1260.182,0.2709,,0.0,0.58,medium,0.422,0.088,0.374,0.098,0.246,0.139,0.09,0.18,0.0
belfast_05_01,5,1,-6.06091,54.589429,0,0,1,1,0,0,2,500.0,32000.0,735.8,735.8,2685.2,10381.727,4321.059,2458.1,1862.959,0.1613,,0.0,0.58,medium,0.429,0.088,0.382,0.098,0.249,0.154,0.097,0.18,0.0
belfast_05_02,5,2,-6.047273,54.589429,0,0,0,0,0,0,3,0,48000.0,1591.5,1591.5,2050.9,15035.97,6239.961,2464.1,3775.861,0.0,,0.0,0.58,medium,0.431,0.088,0.38,0.098,0.247,0.152,0.096,0.18,0.0
belfast_05_03,5,3,-6.033637,54.589429,0,0,0,0,0,1,5,0,80000.0,1654.8,1654.8,1658.4,24942.009,10345.448,2436.35,7909.098,0.0,,0.0,0.58,medium,0.428,0.088,0.368,0.098,0.241,0.135,0.088,0.18,0.157
belfast_05_04,5,4,-6.020001,54.589429,0,0,0,0,0,1,8,0,128000.0,1684.1,1684.1,1685.9,37881.673,15708.353,2384.95,13323.403,0.0,,0.0,0.58,medium,0.421,0.088,0.349,0.098,0.229,0.112,0.076,0.18,0.346
belfast_05_05,5,5,-6.006364,54.589429,0,0,0,0,0,1,11,0,176000.0,1494.3,1494.3,1500.4,55490.44,23012.606,2526.05,20486.556,0.0,,0.0,0.58,medium,0.447,0.133,0.355,0.131,0.255,0.11,0.066,0.262,0.53
belfast_05_06,5,6,-5.992728,54.589429,0,0,0,3,1,1,16,1500.0,256000.0,806.3,806.3,807.7,85664.514,35554.234,3000.4,32553.834,0.0,,0.0,0.58,medium,0.522,0.249,0.421,0.259,0.305,0.205,0.146,0.401,0.698
belfast_05_07,5,7,-5.979091,54.589429,0,0,0,3,1,6,19,1500.0,304000.0,775.3,784.1,775.3,114234.668,47445.73,3698.85,43746.88,0.0,,0.0,0.58,medium,0.632,0.405,0.534,0.376,0.389,0.349,0.269,0.539,0.807
belfast_05_08,5,8,-5.965455,54.589429,0,0,4,5,1,9,21,2500.0,336000.0,541.9,541.9,759.4,146621.677,60997.801,4474.25,56523.551,0.0,,0.0,0.58,medium,0.753,0.573,0.663,0.534,0.484,0.522,0.415,0.677,0.754
belfast_05_09,5,9,-5.951819,54.589429,3,7,13,19,5,11,25,9500.0,400000.0,206.0,221.9,206.0,189619.12,79085.63,5252.7,73832.93,0.0,,0.0,0.58,medium,0.873,0.752,0.796,0.769,0.572,0.688,0.598,0.771,0.6
belfast_05_10,5,10,-5.938182,54.589429,4,7,8,14,3,14,26,7000.0,416000.0,185.6,185.6,225.9,205509.293,85708.712,5656.05,80052.662,0.0,,0.0,0.58,medium,0.929,0.812,0.908,0.793,0.662,0.819,0.768,0.726,0.523
belfast_05_11,5,11,-5.924546,54.589429,0,0,2,11,4,15,28,5500.0,448000.0,620.1,620.1,621.0,204415.868,85029.521,5674.5,79355.021,0.0,,0.0,0.58,medium,0.93,0.819,0.917,0.798,0.663,0.827,0.794,0.737,0.393
belfast_05_12,5,12,-5.91091,54.589429,0,0,0,6,3,13,29,3000.0,464000.0,584.0,900.4,584.0,197510.585,82060.449,5517.2,76543.249,0.0,,0.0,0.58,medium,0.907,0.783,0.881,0.776,0.636,0.795,0.728,0.697,0.268
belfast_05_13,5,13,-5.897273,54.589429,0,0,4,7,2,6,29,3500.0,464000.0,643.9,643.9,656.0,183329.569,76178.136,4906.7,71271.436,0.0,,0.0,0.58,medium,0.821,0.633,0.751,0.632,0.551,0.643,0.545,0.58,0.278
belfast_05_14,5,14,-5.883637,54.589429,0,0,0,2,1,8,24,1000.0,384000.0,812.4,812.4,820.5,148077.577,61498.251,4228.65,57269.601,0.0,,0.0,0.58,medium,0.713,0.474,0.651,0.483,0.474,0.512,0.438,0.469,0.237
belfast_05_15,5,15,-5.870001,54.589429,0,0,0,0,0,5,21,0,336000.0,1012.2,1012.2,1040.8,120409.182,50001.388,3608.9,46392.488,0.0,,0.0,0.58,medium,0.614,0.337,0.554,0.345,0.399,0.39,0.337,0.349,0.152
belfast_05_16,5,16,-5.856364,54.589429,0,0,4,4,1,3,15,2000.0,240000.0,509.8,509.8,522.8,88358.842,36743.405,2922.75,33820.655,0.0,,0.0,0.58,medium,0.505,0.17,0.453,0.15,0.319,0.264,0.223,0.221,0.034
belfast_05_17,5,17,-5.842728,54.589429,0,0,0,2,0,1,13,1000.0,208000.0,983.9,983.9,1005.3,67415.282,27993.202,2398.25,25594.952,0.0,,0.0,0.58,medium,0.42,0.088,0.355,0.098,0.227,0.142,0.104,0.18,0.0
belfast_05_18,5,18,-5.829091,54.589429,0,0,0,0,0,2,7,0,112000.0,1210.8,1210.8,1221.4,40533.184,16839.309,2391.3,14448.009,0.0,,0.0,0.58,medium,0.419,0.088,0.352,0.098,0.223,0.14,0.09,0.18,0.0
belfast_05_19,5,19,-5.815455,54.589429,0,0,4,4,1,1,5,2000.0,80000.0,539.6,539.6,542.8,33804.265,14111.013,2428.7,11682.313,0.0,,0.0,0.58,medium,0.425,0.088,0.362,0.098,0.227,0.154,0.097,0.18,0.0
belfast_05_20,5,20,-5.801819,54.589429,0,0,1,5,1,2,3,2500.0,48000.0,600.1,600.1,802.9,26258.626,10989.691,2462.8,8526.891,0.0,,0.0,0.58,medium,0.431,0.088,0.378,0.098,0.245,0.152,0.096,0.18,0.0
belfast_05_21,5,21,-5.788182,54.589429,0,1,3,5,1,2,2,2500.0,32000.0,415.5,415.5,763.9,21288.559,8926.377,2435.9,6490.477,0.0,,0.0,0.58,medium,0.428,0.088,0.368,0.098,0.241,0.134,0.087,0.18,0.0
belfast_06_00,6,0,-6.074546,54.602286,0,0,0,0,0,0,0,0,0,1681.4,1681.4,4285.1,57.885,30.216,2465.4,-2435.184,0.9428,,0.0,0.58,medium,0.431,0.088,0.382,0.098,0.249,0.152,0.096,0.18,0.0
belfast_06_01,6,1,-6.06091,54.602286,0,0,0,0,0,0,1,0,16000.0,1660.8,1660.8,3716.4,3702.456,1541.902,2443.05,-901.148,0.6638,,0.0,0.58,medium,0.429,0.088,0.372,0.098,0.244,0.135,0.088,0.18,0.0
belfast_06_02,6,2,-6.047273,54.602286,0,0,0,0,0,0,1,0,16000.0,1584.6,1584.6,3287.7,4384.09,1824.604,2393.6,-568.996,0.6035,,0.0,0.58,medium,0.422,0.088,0.356,0.098,0.236,0.112,0.076,0.18,0.0
belfast_06_03,6,3,-6.033637,54.602286,0,0,0,0,0,0,2,0,32000.0,1611.7,1611.7,3058.3,8401.469,3489.786,2346.15,1143.636,0.2921,,0.0,0.58,medium,0.415,0.088,0.341,0.098,0.228,0.092,0.066,0.18,0.036
belfast_06_04,6,4,-6.020001,54.602286,0,0,0,1,0,0,4,500.0,64000.0,829.9,829.9,3047.2,16694.461,6934.62,2307.15,4627.47,0.0,,0.0,0.58,medium,0.408,0.088,0.33,0.098,0.219,0.085,0.063,0.18,0.196
belfast_06_05,6,5,-6.006364,54.602286,0,0,1,1,0,0,9,500.0,144000.0,571.0,571.0,2477.9,38339.835,15914.233,2495.05,13419.183,0.0,,0.0,0.58,medium,0.441,0.125,0.351,0.121,0.254,0.114,0.067,0.227,0.336
belfast_06_06,6,6,-5.992728,54.602286,0,0,0,0,0,1,14,0,224000.0,1040.7,1040.7,1858.6,66495.65,27592.15,2898.45,24693.7,0.0,,0.0,0.58,medium,0.505,0.183,0.43,0.169,0.32,0.223,0.148,0.355,0.472
belfast_06_07,6,7,-5.979091,54.602286,0,2,2,4,1,2,19,2000.0,304000.0,314.4,314.4,985.8,103803.222,43129.909,3704.1,39425.809,0.0,,0.0,0.58,medium,0.631,0.358,0.563,0.364,0.419,0.401,0.298,0.473,0.664
belfast_06_08,6,8,-5.965455,54.602286,2,2,3,4,1,7,22,2000.0,352000.0,186.4,186.4,189.1,143302.984,59603.248,4496.15,55107.098,0.0,,0.0,0.58,medium,0.756,0.533,0.689,0.555,0.521,0.568,0.443,0.57,0.845
belfast_06_09,6,9,-5.951819,54.602286,0,1,6,11,3,11,25,5500.0,400000.0,454.1,454.1,724.6,180397.548,75102.857,5216.55,69886.307,0.0,,0.0,0.58,medium,0.87,0.691,0.807,0.713,0.592,0.714,0.6,0.654,0.894
belfast_06_10,6,10,-5.938182,54.602286,0,6,9,22,4,14,30,11000.0,480000.0,324.2,324.2,332.1,220701.892,91998.976,5673.2,86325.776,0.0,,0.0,0.58,medium,0.931,0.82,0.909,0.804,0.666,0.825,0.764,0.772,0.726
belfast_06_11,6,11,-5.924546,54.602286,4,9,11,17,5,15,29,8500.0,464000.0,119.8,119.8,134.4,228637.157,95386.045,5788.7,89597.345,0.0,,0.0,0.58,medium,0.951,0.87,0.915,0.827,0.671,0.813,0.804,0.719,0.571
belfast_06_12,6,12,-5.91091,54.602286,0,0,2,14,6,12,31,7000.0,496000.0,737.7,737.7,753.0,221552.723,92154.559,5595.8,86558.759,0.0,,0.0,0.58,medium,0.916,0.809,0.904,0.805,0.649,0.814,0.784,0.778,0.574
belfast_06_13,6,13,-5.897273,54.602286,2,2,2,10,4,12,29,5000.0,464000.0,186.4,186.4,191.0,198387.649,82472.648,5387.8,77084.848,0.0,,0.0,0.58,medium,0.884,0.734,0.877,0.676,0.626,0.799,0.735,0.668,0.592
belfast_06_14,6,14,-5.883637,54.602286,0,0,2,6,3,8,24,3000.0,384000.0,667.7,671.4,667.7,157603.506,65456.145,4821.2,60634.945,0.0,,0.0,0.58,medium,0.8,0.606,0.763,0.609,0.547,0.669,0.598,0.53,0.523
belfast_06_15,6,15,-5.870001,54.602286,0,0,2,2,1,5,21,1000.0,336000.0,653.1,653.1,662.9,124866.893,51834.755,4118.85,47715.905,0.0,,0.0,0.58,medium,0.688,0.451,0.65,0.494,0.456,0.533,0.466,0.392,0.396
belfast_06_16,6,16,-5.856364,54.602286,0,0,0,4,1,2,16,2000.0,256000.0,887.6,887.6,899.0,89649.932,37211.852,3373.55,33838.302,0.0,,0.0,0.58,medium,0.571,0.264,0.539,0.286,0.368,0.394,0.332,0.254,0.239
belfast_06_17,6,17,-5.842728,54.602286,0,0,0,0,0,1,12,0,192000.0,1234.1,1234.1,1243.1,62292.954,25842.597,2651.2,23191.397,0.0,,0.0,0.58,medium,0.458,0.094,0.426,0.102,0.271,0.246,0.192,0.18,0.068
belfast_06_18,6,18,-5.829091,54.602286,0,0,0,0,0,2,10,0,160000.0,1447.7,1447.7,1458.9,48468.544,20108.085,2464.1,17643.985,0.0,,0.0,0.58,medium,0.431,0.088,0.38,0.098,0.247,0.152,0.096,0.18,0.0
belfast_06_19,6,19,-5.815455,54.602286,0,0,0,4,1,1,5,2000.0,80000.0,959.8,959.8,965.2,30967.01,12888.331,2437.85,10450.481,0.0,,0.0,0.58,medium,0.428,0.088,0.371,0.098,0.244,0.134,0.087,0.18,0.0
belfast_06_20,6,20,-5.801819,54.602286,0,0,0,1,0,2,3,500.0,48000.0,911.6,911.6,1132.1,24568.342,10253.823,2393.35,7860.473,0.0,,0.0,0.58,medium,0.422,0.088,0.357,0.098,0.238,0.11,0.075,0.18,0.0
belfast_06_21,6,21,-5.788182,54.602286,0,0,3,3,1,2,2,1500.0,32000.0,672.6,672.6,681.2,20864.531,8728.5,2347.0,6381.5,0.0,,0.0,0.58,medium,0.415,0.088,0.343,0.098,0.231,0.091,0.065,0.18,0.0
belfast_07_00,7,0,-6.074546,54.615143,0,0,0,0,0,0,0,0,0,1465.3,1465.3,5385.4,65.312,34.093,2394.9,-2360.807,0.9292,,0.0,0.58,medium,0.422,0.088,0.358,0.098,0.239,0.112,0.076,0.18,0.0
belfast_07_01,7,1,-6.06091,54.615143,0,0,1,1,0,0,0,500.0,0,595.6,595.6,4945.0,232.318,121.27,2349.4,-2228.13,0.9051,,0.0,0.58,medium,0.415,0.088,0.346,0.098,0.233,0.092,0.066,0.18,0.0
belfast_07_02,7,2,-6.047273,54.615143,0,1,1,1,0,0,0,500.0,0,328.0,328.0,4631.5,380.423,198.581,2325.95,-2127.369,0.8868,,0.0,0.58,medium,0.411,0.088,0.34,0.098,0.23,0.085,0.063,0.18,0.0
belfast_07_03,7,3,-6.033637,54.615143,0,0,0,0,0,0,0,0,0,1185.7,1185.7,4441.6,217.598,113.586,2328.95,-2215.364,0.9028,,0.0,0.58,medium,0.41,0.088,0.344,0.098,0.23,0.095,0.067,0.18,0.0
belfast_07_04,7,4,-6.020001,54.615143,0,0,0,0,0,0,3,0,48000.0,1107.8,1107.8,3624.0,10942.632,4554.63,2359.8,2194.83,0.1009,,0.0,0.58,medium,0.414,0.088,0.351,0.098,0.229,0.117,0.078,0.18,0.059
belfast_07_05,7,5,-6.006364,54.615143,0,0,0,1,0,0,4,500.0,64000.0,929.9,929.9,2824.4,18692.112,7770.635,2493.85,5276.785,0.0,,0.0,0.58,medium,0.437,0.105,0.371,0.107,0.252,0.15,0.09,0.194,0.247
belfast_07_06,7,6,-5.992728,54.615143,0,1,1,1,0,1,9,500.0,144000.0,479.3,479.3,1970.8,43341.241,18001.535,2747.15,15254.385,0.0,,0.0,0.58,medium,0.481,0.153,0.401,0.17,0.292,0.194,0.11,0.226,0.43
belfast_07_07,7,7,-5.979091,54.615143,0,1,1,1,0,3,15,500.0,240000.0,424.2,424.2,1155.8,77010.508,31977.956,3290.5,28687.456,0.0,,0.0,0.58,medium,0.567,0.256,0.497,0.313,0.376,0.319,0.222,0.314,0.6
belfast_07_08,7,8,-5.965455,54.615143,0,0,2,2,1,3,21,1000.0,336000.0,576.9,580.9,576.9,116432.157,48344.876,3894.9,44449.976,0.0,,0.0,0.58,medium,0.663,0.416,0.577,0.495,0.445,0.423,0.321,0.418,0.734
belfast_07_09,7,9,-5.951819,54.615143,0,0,0,3,1,5,24,1500.0,384000.0,913.7,913.7,935.3,143927.562,59773.757,4370.2,55403.557,0.0,,0.0,0.58,medium,0.739,0.534,0.645,0.587,0.492,0.505,0.408,0.508,0.845
belfast_07_10,7,10,-5.938182,54.615143,0,0,0,2,0,8,26,1000.0,416000.0,762.7,762.7,1254.2,166944.976,69397.824,4690.8,64707.024,0.0,,0.0,0.58,medium,0.788,0.617,0.701,0.653,0.517,0.561,0.511,0.555,0.94
belfast_07_11,7,11,-5.924546,54.615143,0,0,5,8,2,7,27,4000.0,432000.0,541.1,541.1,560.4,183360.349,76360.61,4819.5,71541.11,0.0,,0.0,0.58,medium,0.807,0.586,0.762,0.518,0.565,0.634,0.606,0.547,0.756
belfast_07_12,7,12,-5.91091,54.615143,0,0,16,18,2,9,28,9000.0,448000.0,663.7,663.7,705.1,185639.809,77366.099,5102.9,72263.199,0.0,,0.0,0.58,medium,0.847,0.626,0.832,0.514,0.604,0.736,0.691,0.573,0.838
belfast_07_13,7,13,-5.897273,54.615143,0,0,0,12,2,9,23,6000.0,368000.0,801.8,807.1,801.8,157967.61,65740.802,5040.2,60700.602,0.0,,0.0,0.58,medium,0.834,0.602,0.833,0.494,0.603,0.751,0.668,0.532,0.894
belfast_07_14,7,14,-5.883637,54.615143,0,2,2,2,1,6,21,1000.0,336000.0,385.5,385.5,393.8,137830.332,57281.122,4626.35,52654.772,0.0,,0.0,0.58,medium,0.766,0.525,0.767,0.506,0.548,0.666,0.584,0.441,0.731
belfast_07_15,7,15,-5.870001,54.615143,0,0,0,4,2,3,18,2000.0,288000.0,810.2,815.7,810.2,108654.999,45108.998,3977.9,41131.098,0.0,,0.0,0.58,medium,0.665,0.388,0.644,0.406,0.447,0.536,0.461,0.327,0.542
belfast_07_16,7,16,-5.856364,54.615143,0,0,0,0,0,4,12,0,192000.0,1329.7,1336.5,1329.7,70393.048,29196.78,3280.65,25916.13,0.0,,0.0,0.58,medium,0.556,0.243,0.523,0.303,0.35,0.38,0.32,0.203,0.349
belfast_07_17,7,17,-5.842728,54.615143,0,0,0,0,0,1,10,0,160000.0,1882.8,1882.8,1891.1,51966.698,21538.125,2632.95,18905.175,0.0,,0.0,0.58,medium,0.456,0.103,0.423,0.144,0.278,0.214,0.168,0.18,0.156
belfast_07_18,7,18,-5.829091,54.615143,0,0,0,0,0,0,8,0,128000.0,2154.7,2154.7,2168.2,39090.097,16198.21,2388.6,13809.61,0.0,,0.0,0.58,medium,0.421,0.088,0.356,0.098,0.237,0.11,0.075,0.18,0.0
belfast_07_19,7,19,-5.815455,54.615143,0,0,0,0,0,0,7,0,112000.0,2364.5,2364.5,2368.2,31976.168,13251.274,2348.95,10902.324,0.0,,0.0,0.58,medium,0.415,0.088,0.346,0.098,0.234,0.091,0.065,0.18,0.0
belfast_07_20,7,20,-5.801819,54.615143,0,0,0,0,0,0,4,0,64000.0,2311.2,2311.2,2321.0,20556.415,8523.431,2327.25,6196.181,0.0,,0.0,0.58,medium,0.411,0.088,0.342,0.098,0.231,0.085,0.063,0.18,0.0
belfast_07_21,7,21,-5.788182,54.615143,0,0,0,0,0,0,3,0,48000.0,2084.7,2084.7,2093.8,15750.613,6532.911,2334.8,4198.111,0.0,,0.0,0.58,medium,0.411,0.088,0.346,0.098,0.232,0.096,0.068,0.18,0.0
belfast_08_00,8,0,-6.074546,54.628,0,0,0,0,0,0,0,0,0,1944.9,1944.9,6609.2,41.481,21.653,2323.15,-2301.497,0.9185,,0.0,0.58,medium,0.41,0.088,0.342,0.098,0.232,0.085,0.063,0.18,0.0
belfast_08_01,8,1,-6.06091,54.628,0,0,0,0,0,0,0,0,0,1411.0,1411.0,5948.2,123.823,64.636,2335.65,-2271.014,0.9129,,0.0,0.58,medium,0.411,0.088,0.348,0.098,0.234,0.095,0.067,0.18,0.0
belfast_08_02,8,2,-6.047273,54.628,0,0,0,2,0,0,0,1000.0,0,919.5,919.5,5069.4,323.346,168.787,2373.2,-2204.413,0.9008,,0.0,0.58,medium,0.416,0.088,0.359,0.098,0.238,0.117,0.078,0.18,0.0
belfast_08_03,8,3,-6.033637,54.628,2,2,2,2,0,0,0,1000.0,0,144.2,144.2,4190.8,884.719,461.823,2415.95,-1954.127,0.8553,,0.0,0.58,medium,0.422,0.088,0.371,0.098,0.242,0.14,0.09,0.18,0.0
belfast_08_04,8,4,-6.020001,54.628,0,0,0,2,0,0,2,1000.0,32000.0,855.3,855.3,3312.1,8250.389,3461.192,2452.05,1009.142,0.3165,,0.0,0.58,medium,0.428,0.088,0.379,0.098,0.245,0.154,0.097,0.18,0.0
belfast_08_05,8,5,-6.006364,54.628,0,0,0,0,0,0,2,0,32000.0,1159.9,1159.9,2433.5,11387.888,4749.486,2457.4,2292.086,0.0833,,0.0,0.58,medium,0.43,0.088,0.376,0.098,0.243,0.152,0.096,0.18,0.099
belfast_08_06,8,6,-5.992728,54.628,0,0,0,0,0,1,4,0,64000.0,1485.2,1485.2,1555.0,23958.7,9957.648,2499.65,7457.998,0.0,,0.0,0.58,medium,0.441,0.103,0.361,0.106,0.242,0.144,0.087,0.193,0.244
belfast_08_07,8,7,-5.979091,54.628,0,0,2,3,1,2,6,1500.0,96000.0,667.9,667.9,677.3,39610.487,16482.775,2644.55,13838.225,0.0,,0.0,0.58,medium,0.467,0.143,0.372,0.164,0.272,0.151,0.093,0.212,0.393
belfast_08_08,8,8,-5.965455,54.628,3,3,3,5,2,3,14,2500.0,224000.0,23.1,23.1,209.1,78531.014,32704.234,2961.65,29742.584,0.0,,0.0,0.58,medium,0.516,0.206,0.431,0.276,0.331,0.226,0.168,0.244,0.557
belfast_08_09,8,9,-5.951819,54.628,0,0,0,4,1,3,17,2000.0,272000.0,753.4,753.4,761.1,95811.333,39817.412,3323.5,36493.912,0.0,,0.0,0.58,medium,0.572,0.302,0.484,0.377,0.376,0.294,0.232,0.304,0.685
belfast_08_10,8,10,-5.938182,54.628,3,3,3,4,1,5,20,2000.0,320000.0,201.2,201.2,222.6,115802.616,48191.487,3557.05,44634.437,0.0,,0.0,0.58,medium,0.607,0.351,0.531,0.412,0.4,0.35,0.312,0.332,0.719
belfast_08_11,8,11,-5.924546,54.628,0,0,3,9,2,5,22,4500.0,352000.0,551.8,551.8,691.8,127806.719,53225.784,3850.75,49375.034,0.0,,0.0,0.58,medium,0.65,0.366,0.62,0.353,0.444,0.459,0.461,0.34,0.633
belfast_08_12,8,12,-5.91091,54.628,0,6,8,21,3,5,22,10500.0,352000.0,358.1,358.1,366.9,132310.881,55258.406,4035.15,51223.256,0.0,,0.0,0.58,medium,0.676,0.382,0.674,0.33,0.468,0.529,0.538,0.354,0.734
belfast_08_13,8,13,-5.897273,54.628,1,2,4,13,2,5,19,6500.0,304000.0,246.7,246.7,248.3,117132.277,48831.658,3979.45,44852.208,0.0,,0.0,0.58,medium,0.667,0.35,0.674,0.272,0.47,0.537,0.506,0.328,0.765
belfast_08_14,8,14,-5.883637,54.628,0,0,0,4,2,4,16,2000.0,256000.0,859.2,861.6,859.2,95398.345,39642.803,3685.85,35956.953,0.0,,0.0,0.58,medium,0.622,0.286,0.618,0.224,0.437,0.475,0.404,0.269,0.659
belfast_08_15,8,15,-5.870001,54.628,0,0,2,2,1,3,13,1000.0,208000.0,635.5,640.1,635.5,76108.862,31596.324,3201.65,28394.674,0.0,,0.0,0.58,medium,0.546,0.192,0.534,0.161,0.368,0.359,0.309,0.192,0.496
belfast_08_16,8,16,-5.856364,54.628,0,0,0,2,1,2,11,1000.0,176000.0,818.9,828.0,818.9,61228.993,25407.523,2695.1,22712.423,0.0,,0.0,0.58,medium,0.466,0.121,0.432,0.155,0.289,0.22,0.187,0.18,0.316
belfast_08_17,8,17,-5.842728,54.628,0,2,2,2,1,1,7,1000.0,112000.0,488.9,488.9,501.1,42966.875,17848.437,2341.6,15506.837,0.0,,0.0,0.58,medium,0.414,0.088,0.341,0.098,0.228,0.091,0.065,0.18,0.13
belfast_08_18,8,18,-5.829091,54.628,0,0,0,0,0,1,6,0,96000.0,1154.9,1154.9,1173.0,32396.368,13436.767,2322.5,11114.267,0.0,,0.0,0.58,medium,0.41,0.088,0.341,0.098,0.231,0.085,0.063,0.18,0.0
belfast_08_19,8,19,-5.815455,54.628,0,0,0,0,0,1,5,0,80000.0,1927.5,1927.5,1933.2,24906.65,10323.376,2336.75,7986.626,0.0,,0.0,0.58,medium,0.411,0.088,0.349,0.098,0.235,0.096,0.068,0.18,0.0
belfast_08_20,8,20,-5.801819,54.628,0,0,0,0,0,0,4,0,64000.0,2125.5,2125.5,2135.8,19108.435,7917.668,2374.95,5542.718,0.0,,0.0,0.58,medium,0.416,0.088,0.361,0.098,0.24,0.118,0.079,0.18,0.0
belfast_08_21,8,21,-5.788182,54.628,0,0,0,0,0,0,3,0,48000.0,2620.0,2620.0,2632.4,13116.168,5433.361,2421.8,3011.561,0.0,,0.0,0.34,low,0.423,0.088,0.373,0.098,0.243,0.141,0.09,0.18,0.0
belfast_09_00,9,0,-6.074546,54.640857,0,0,0,0,0,0,0,0,0,2955.7,2955.7,6209.3,14.952,7.805,2370.4,-2362.595,0.9296,,0.0,0.34,low,0.415,0.088,0.361,0.098,0.24,0.117,0.078,0.18,0.0
belfast_09_01,9,1,-6.06091,54.640857,0,0,0,0,0,0,0,0,0,2196.5,2196.5,5761.7,45.737,23.875,2422.0,-2398.125,0.936,,0.0,0.58,medium,0.423,0.088,0.374,0.098,0.245,0.14,0.09,0.18,0.0
belfast_09_02,9,2,-6.047273,54.640857,0,0,0,0,0,0,0,0,0,1567.5,1567.5,5250.8,115.175,60.121,2457.45,-2397.329,0.9359,,0.0,0.58,medium,0.429,0.088,0.381,0.098,0.247,0.154,0.097,0.18,0.0
belfast_09_03,9,3,-6.033637,54.640857,0,0,0,0,0,0,0,0,0,1278.0,1278.0,4408.7,215.077,112.27,2462.8,-2350.53,0.9274,,0.0,0.58,medium,0.431,0.088,0.378,0.098,0.245,0.152,0.096,0.18,0.0
belfast_09_04,9,4,-6.020001,54.640857,0,0,0,2,0,0,1,1000.0,16000.0,867.9,867.9,3584.2,4183.636,1771.847,2436.35,-664.503,0.6208,,0.0,0.58,medium,0.428,0.088,0.368,0.098,0.241,0.135,0.087,0.18,0.0
belfast_09_05,9,5,-6.006364,54.640857,0,2,2,2,0,0,3,1000.0,48000.0,256.3,256.3,2792.8,13116.611,5509.98,2393.15,3116.83,0.0,,0.0,0.58,medium,0.422,0.088,0.356,0.098,0.236,0.111,0.075,0.18,0.0
belfast_09_06,9,6,-5.992728,54.640857,0,0,0,2,0,0,4,1000.0,64000.0,960.1,960.1,2072.9,19420.795,8076.24,2348.95,5727.29,0.0,,0.0,0.58,medium,0.415,0.088,0.346,0.098,0.233,0.091,0.066,0.18,0.055
belfast_09_07,9,7,-5.979091,54.640857,0,0,0,0,0,1,7,0,112000.0,1507.4,1507.4,1529.1,33245.216,13795.296,2327.25,11468.046,0.0,,0.0,0.58,medium,0.411,0.088,0.342,0.098,0.232,0.085,0.063,0.18,0.198
belfast_09_08,9,8,-5.965455,54.640857,0,0,0,0,0,1,9,0,144000.0,1370.0,1370.0,1386.9,45445.769,18862.884,2395.5,16467.384,0.0,,0.0,0.58,medium,0.422,0.099,0.354,0.104,0.247,0.102,0.068,0.189,0.314
belfast_09_09,9,9,-5.951819,54.640857,0,0,0,0,0,2,9,0,144000.0,1160.6,1160.6,1747.1,50617.574,21039.478,2467.15,18572.328,0.0,,0.0,0.58,medium,0.435,0.11,0.351,0.109,0.243,0.13,0.079,0.198,0.388
belfast_09_10,9,10,-5.938182,54.640857,0,0,2,2,0,2,9,1000.0,144000.0,520.3,520.3,1601.8,55992.649,23338.723,2651.2,20687.523,0.0,,0.0,0.58,medium,0.461,0.162,0.383,0.25,0.258,0.175,0.137,0.203,0.405
belfast_09_11,9,11,-5.924546,54.640857,0,1,1,3,0,3,12,1500.0,192000.0,370.5,370.5,1384.8,68612.042,28599.937,2833.8,25766.137,0.0,,0.0,0.58,medium,0.487,0.162,0.448,0.25,0.292,0.25,0.253,0.203,0.363
belfast_09_12,9,12,-5.91091,54.640857,0,0,1,1,0,3,11,500.0,176000.0,733.4,733.4,1054.9,64462.98,26848.1,2958.45,23889.65,0.0,,0.0,0.58,medium,0.505,0.177,0.49,0.261,0.321,0.279,0.297,0.198,0.439
belfast_09_13,9,13,-5.897273,54.640857,0,0,0,0,0,2,12,0,192000.0,1351.0,1351.0,1360.8,63808.598,26511.997,2808.95,23703.047,0.0,,0.0,0.58,medium,0.484,0.121,0.468,0.117,0.309,0.257,0.252,0.189,0.453
belfast_09_14,9,14,-5.883637,54.640857,0,0,0,0,0,1,10,0,160000.0,1870.3,1870.3,1872.3,51993.84,21571.788,2586.15,18985.638,0.0,,0.0,0.58,medium,0.45,0.09,0.416,0.099,0.279,0.195,0.163,0.18,0.4
belfast_09_15,9,15,-5.870001,54.640857,0,0,0,0,0,1,9,0,144000.0,1829.9,1846.5,1829.9,45208.97,18742.08,2403.85,16338.23,0.0,,0.0,0.58,medium,0.423,0.088,0.362,0.098,0.244,0.117,0.092,0.18,0.295
belfast_09_16,9,16,-5.856364,54.640857,0,0,0,0,0,1,7,0,112000.0,1176.9,1188.5,1176.9,37650.007,15612.845,2320.55,13292.295,0.0,,0.0,0.58,medium,0.41,0.088,0.338,0.098,0.228,0.085,0.063,0.18,0.157
belfast_09_17,9,17,-5.842728,54.640857,0,0,0,2,1,2,4,1000.0,64000.0,979.3,979.3,982.7,27434.668,11390.117,2304.1,9086.017,0.0,,0.0,0.58,medium,0.407,0.088,0.324,0.098,0.209,0.096,0.068,0.18,0.0
belfast_09_18,9,18,-5.829091,54.640857,0,0,0,2,1,2,3,1000.0,48000.0,990.6,990.6,991.0,23992.191,9968.506,2344.25,7624.256,0.0,,0.0,0.58,medium,0.412,0.088,0.339,0.098,0.217,0.118,0.079,0.18,0.0
belfast_09_19,9,19,-5.815455,54.640857,0,0,2,2,1,1,2,1000.0,32000.0,506.5,506.5,512.7,20213.293,8421.599,2409.05,6012.549,0.0,,0.0,0.58,medium,0.421,0.088,0.366,0.098,0.236,0.141,0.09,0.18,0.0
belfast_09_20,9,20,-5.801819,54.640857,0,0,0,0,0,1,2,0,32000.0,1029.1,1029.1,1042.5,15587.107,6476.165,2458.1,4018.065,0.0,,0.0,0.58,medium,0.429,0.088,0.382,0.098,0.249,0.154,0.097,0.18,0.0
belfast_09_21,9,21,-5.788182,54.640857,0,0,0,0,0,1,2,0,32000.0,1845.2,1845.2,1858.5,11116.067,4608.619,2463.0,2145.619,0.1099,,0.0,0.58,medium,0.431,0.088,0.379,0.098,0.246,0.151,0.096,0.18,0.0
belfast_10_00,10,0,-6.074546,54.653714,0,0,0,0,0,0,0,0,0,3792.8,3792.8,5096.6,2.909,1.518,2458.75,-2457.232,0.9468,,0.0,0.34,low,0.429,0.088,0.383,0.098,0.249,0.154,0.097,0.18,0.0
belfast_10_01,10,1,-6.06091,54.653714,0,0,0,0,0,0,0,0,0,3236.5,3236.5,4540.8,9.527,4.973,2464.75,-2459.777,0.9472,,0.0,0.34,low,0.431,0.088,0.381,0.098,0.248,0.152,0.096,0.18,0.0
belfast_10_02,10,2,-6.047273,54.653714,0,0,0,0,0,0,0,0,0,2847.5,2847.5,4099.1,22.344,11.663,2441.1,-2429.437,0.9417,,0.0,0.34,low,0.429,0.088,0.369,0.098,0.242,0.135,0.087,0.18,0.0
belfast_10_03,10,3,-6.033637,54.653714,0,0,0,0,0,0,2,0,32000.0,2391.4,2391.4,3811.6,6983.156,2896.449,2391.85,504.599,0.4083,,0.0,0.58,medium,0.422,0.088,0.354,0.098,0.235,0.111,0.075,0.18,0.0
belfast_10_04,10,4,-6.020001,54.653714,0,0,0,0,0,0,2,0,32000.0,1867.8,1867.8,3170.3,8211.701,3409.17,2342.25,1066.92,0.306,,0.0,0.58,medium,0.414,0.088,0.342,0.098,0.23,0.091,0.066,0.18,0.0
belfast_10_05,10,5,-6.006364,54.653714,0,0,0,0,0,0,4,0,64000.0,1673.7,1673.7,2632.5,16612.905,6891.823,2321.85,4569.973,0.0,,0.0,0.58,medium,0.41,0.088,0.34,0.098,0.23,0.085,0.063,0.18,0.0
belfast_10_06,10,6,-5.992728,54.653714,0,0,0,0,0,0,4,0,64000.0,1912.3,1912.3,2313.2,19096.82,7922.569,2335.65,5586.919,0.0,,0.0,0.58,medium,0.411,0.088,0.348,0.098,0.234,0.095,0.068,0.18,0.0
belfast_10_07,10,7,-5.979091,54.653714,0,0,0,0,0,0,7,0,112000.0,1973.6,1973.6,2305.1,32425.611,13448.724,2374.5,11074.224,0.0,,0.0,0.58,medium,0.416,0.088,0.361,0.098,0.24,0.117,0.079,0.18,0.0
belfast_10_08,10,8,-5.965455,54.653714,0,0,0,0,0,0,8,0,128000.0,1684.2,1684.2,2360.2,40044.999,16626.318,2421.35,14204.968,0.0,,0.0,0.58,medium,0.423,0.088,0.373,0.098,0.244,0.14,0.09,0.18,0.028
belfast_10_09,10,9,-5.951819,54.653714,0,0,0,1,0,2,9,500.0,144000.0,926.1,926.1,1758.2,47087.811,19612.688,2426.1,17186.588,0.0,,0.0,0.58,medium,0.425,0.088,0.358,0.098,0.224,0.154,0.097,0.18,0.079
belfast_10_10,10,10,-5.938182,54.653714,0,2,5,12,0,2,10,6000.0,160000.0,279.0,279.0,1001.0,54907.42,23025.457,2448.85,20576.607,0.0,,0.0,0.58,medium,0.429,0.103,0.353,0.144,0.219,0.152,0.096,0.18,0.09
belfast_10_11,10,11,-5.924546,54.653714,4,10,12,12,1,2,9,6000.0,144000.0,115.2,115.2,123.2,56519.538,23866.332,2472.65,21393.682,0.0,,0.0,0.58,medium,0.432,0.118,0.367,0.19,0.234,0.134,0.11,0.18,0.078
belfast_10_12,10,12,-5.91091,54.653714,0,1,5,8,1,1,7,4000.0,112000.0,341.0,341.0,755.4,42696.833,17925.635,2414.45,15511.185,0.0,,0.0,0.58,medium,0.423,0.103,0.367,0.144,0.231,0.11,0.135,0.18,0.129
belfast_10_13,10,13,-5.897273,54.653714,0,0,0,1,0,1,7,500.0,112000.0,836.3,836.3,1633.6,34992.756,14575.319,2353.95,12221.369,0.0,,0.0,0.58,medium,0.414,0.088,0.36,0.098,0.23,0.091,0.127,0.18,0.138
belfast_10_14,10,14,-5.883637,54.653714,0,0,0,0,0,0,6,0,96000.0,1680.7,1680.7,2511.8,27020.981,11215.724,2327.05,8888.674,0.0,,0.0,0.58,medium,0.41,0.088,0.348,0.098,0.229,0.085,0.09,0.18,0.104
belfast_10_15,10,15,-5.870001,54.653714,0,0,0,0,0,0,6,0,96000.0,2548.0,2548.0,2846.4,24844.267,10295.026,2334.8,7960.226,0.0,,0.0,0.34,low,0.411,0.088,0.346,0.098,0.232,0.096,0.068,0.18,0.03
belfast_10_16,10,16,-5.856364,54.653714,0,0,0,0,0,0,3,0,48000.0,2477.8,2483.5,2477.8,15071.145,6244.543,2368.25,3876.293,0.0,,0.0,0.58,medium,0.415,0.088,0.357,0.098,0.236,0.118,0.079,0.18,0.0
belfast_10_17,10,17,-5.842728,54.653714,0,0,0,0,0,1,3,0,48000.0,1951.6,1954.6,1951.6,16820.885,6972.098,2417.05,4555.048,0.0,,0.0,0.58,medium,0.422,0.088,0.372,0.098,0.243,0.141,0.09,0.18,0.0
belfast_10_18,10,18,-5.829091,54.653714,0,0,0,0,0,1,2,0,32000.0,1243.7,1247.3,1243.7,15511.518,6439.452,2458.1,3981.352,0.0,,0.0,0.58,medium,0.429,0.088,0.382,0.098,0.248,0.154,0.097,0.18,0.0
belfast_10_19,10,19,-5.815455,54.653714,0,0,0,2,1,1,2,1000.0,32000.0,909.9,913.3,909.9,16032.322,6664.792,2464.3,4200.492,0.0,,0.0,0.58,medium,0.431,0.088,0.381,0.098,0.249,0.151,0.096,0.18,0.0
belfast_10_20,10,20,-5.801819,54.653714,0,0,0,0,0,1,2,0,32000.0,1280.6,1280.6,1285.2,13347.193,5541.098,2437.2,3103.898,0.0,,0.0,0.58,medium,0.428,0.088,0.37,0.098,0.244,0.134,0.087,0.18,0.0
belfast_10_21,10,21,-5.788182,54.653714,0,0,0,0,0,0,1,0,16000.0,1996.2,1996.2,2004.6,7222.254,2994.989,2391.4,603.589,0.3903,,0.0,0.58,medium,0.422,0.088,0.354,0.098,0.236,0.11,0.075,0.18,0.0
belfast_11_00,11,0,-6.074546,54.666572,0,0,0,0,0,0,0,0,0,4175.4,4176.2,4175.4,0.0,0.0,2438.95,-2438.95,0.9434,,0.0,0.34,low,0.428,0.088,0.372,0.098,0.245,0.135,0.087,0.18,0.0
belfast_11_01,11,1,-6.06091,54.666572,0,0,0,0,0,0,1,0,16000.0,3475.5,3476.7,3475.5,3990.537,1652.736,2393.8,-741.064,0.6347,,0.0,0.34,low,0.422,0.088,0.357,0.098,0.238,0.111,0.075,0.18,0.0
belfast_11_02,11,2,-6.047273,54.666572,0,0,0,0,0,0,1,0,16000.0,2874.7,2876.7,2874.7,5083.161,2106.2,2347.65,-241.45,0.5439,,0.0,0.34,low,0.415,0.088,0.344,0.098,0.231,0.091,0.066,0.18,0.0
belfast_11_03,11,3,-6.033637,54.666572,0,0,0,0,0,0,2,0,32000.0,2327.0,2327.0,2447.5,10497.798,4351.59,2321.2,2030.39,0.1308,,0.0,0.58,medium,0.41,0.088,0.339,0.098,0.228,0.085,0.063,0.18,0.0
belfast_11_04,11,4,-6.020001,54.666572,0,0,0,0,0,0,3,0,48000.0,1732.9,1732.9,2292.8,16429.145,6813.573,2329.6,4483.973,0.0,,0.0,0.58,medium,0.41,0.088,0.345,0.098,0.231,0.095,0.068,0.18,0.0
belfast_11_05,11,5,-6.006364,54.666572,0,0,0,0,0,1,3,0,48000.0,1460.1,1460.1,1582.8,19887.197,8257.573,2369.1,5888.473,0.0,,0.0,0.58,medium,0.415,0.088,0.359,0.098,0.238,0.117,0.079,0.18,0.0
belfast_11_06,11,6,-5.992728,54.666572,0,0,0,3,1,1,6,1500.0,96000.0,941.5,941.5,962.7,35410.115,14713.116,2393.25,12319.866,0.0,,0.0,0.58,medium,0.419,0.088,0.355,0.098,0.225,0.14,0.09,0.18,0.0
belfast_11_07,11,7,-5.979091,54.666572,0,0,1,3,1,2,7,1500.0,112000.0,560.6,560.6,943.1,43593.624,18133.221,2432.8,15700.421,0.0,,0.0,0.58,medium,0.426,0.088,0.362,0.098,0.227,0.154,0.097,0.18,0.0
belfast_11_08,11,8,-5.965455,54.666572,0,0,1,3,0,3,7,1500.0,112000.0,720.1,720.1,1059.2,47100.217,19611.879,2464.1,17147.779,0.0,,0.0,0.58,medium,0.431,0.088,0.38,0.098,0.247,0.152,0.096,0.18,0.0
belfast_11_09,11,9,-5.951819,54.666572,1,1,2,5,1,2,7,2500.0,112000.0,123.2,123.2,973.6,50199.834,20967.017,2420.55,18546.467,0.0,,0.0,0.58,medium,0.426,0.088,0.357,0.098,0.229,0.134,0.087,0.18,0.0
belfast_11_10,11,10,-5.938182,54.666572,2,2,3,5,1,2,7,2500.0,112000.0,94.3,94.3,104.1,53220.885,22286.562,2360.7,19925.862,0.0,,0.0,0.58,medium,0.418,0.088,0.332,0.098,0.212,0.11,0.075,0.18,0.0
belfast_11_11,11,11,-5.924546,54.666572,0,0,0,3,1,2,7,1500.0,112000.0,784.4,786.8,784.4,46111.782,19295.089,2320.0,16975.089,0.0,,0.0,0.58,medium,0.41,0.088,0.333,0.098,0.206,0.091,0.112,0.18,0.0
belfast_11_12,11,12,-5.91091,54.666572,0,1,1,3,0,2,6,1500.0,96000.0,493.6,493.6,1601.2,35884.776,15020.326,2318.65,12701.676,0.0,,0.0,0.58,medium,0.407,0.088,0.354,0.098,0.214,0.085,0.164,0.18,0.0
belfast_11_13,11,13,-5.897273,54.666572,0,0,1,2,0,0,4,1000.0,64000.0,601.0,601.0,2159.0,22645.505,9468.122,2348.25,7119.872,0.0,,0.0,0.58,medium,0.41,0.088,0.373,0.098,0.229,0.096,0.174,0.18,0.0
belfast_11_14,11,14,-5.883637,54.666572,0,0,0,0,0,0,3,0,48000.0,1285.1,1285.1,2881.0,14227.057,5922.178,2378.0,3544.178,0.0,,0.0,0.58,medium,0.415,0.088,0.372,0.098,0.236,0.118,0.132,0.18,0.0
belfast_11_15,11,15,-5.870001,54.666572,0,0,0,0,0,0,2,0,32000.0,2117.3,2117.3,3671.7,7418.191,3080.77,2421.15,659.62,0.3801,,0.0,0.58,medium,0.423,0.088,0.372,0.098,0.243,0.141,0.09,0.18,0.0
belfast_11_16,11,16,-5.856364,54.666572,0,0,0,0,0,0,2,0,32000.0,2975.9,2975.9,3495.2,7387.708,3061.127,2456.15,604.977,0.39,,0.0,0.34,low,0.429,0.088,0.379,0.098,0.245,0.154,0.097,0.18,0.0
belfast_11_17,11,17,-5.842728,54.666572,0,0,0,0,0,0,2,0,32000.0,2900.5,2904.2,2900.5,8518.719,3528.733,2462.35,1066.383,0.3061,,0.0,0.34,low,0.431,0.088,0.378,0.098,0.245,0.151,0.096,0.18,0.0
belfast_11_18,11,18,-5.829091,54.666572,0,0,0,0,0,0,2,0,32000.0,2480.3,2484.1,2480.3,9246.28,3830.56,2437.2,1393.36,0.2467,,0.0,0.58,medium,0.428,0.088,0.37,0.098,0.243,0.134,0.087,0.18,0.0
belfast_11_19,11,19,-5.815455,54.666572,0,0,0,0,0,0,1,0,16000.0,2330.9,2334.3,2330.9,6325.43,2621.7,2393.35,228.35,0.4585,,0.0,0.58,medium,0.422,0.088,0.357,0.098,0.238,0.11,0.075,0.18,0.0
belfast_11_20,11,20,-5.801819,54.666572,0,0,0,0,0,0,1,0,16000.0,2501.3,2502.2,2501.3,5904.194,2446.633,2348.3,98.333,0.4821,,0.0,0.34,low,0.415,0.088,0.345,0.098,0.233,0.091,0.065,0.18,0.0
belfast_11_21,11,21,-5.788182,54.666572,0,0,0,0,0,0,1,0,16000.0,2933.5,2933.5,2936.4,4954.179,2052.21,2321.85,-269.64,0.549,,0.0,0.34,low,0.41,0.088,0.34,0.098,0.229,0.085,0.063,0.18,0.0
belfast_12_00,12,0,-6.074546,54.679429,0,0,0,0,0,0,1,0,16000.0,3595.7,3595.7,3596.2,3800.47,1573.819,2348.95,-775.131,0.6409,,0.0,0.34,low,0.415,0.088,0.346,0.098,0.234,0.091,0.066,0.18,0.0
belfast_12_01,12,1,-6.06091,54.679429,0,0,0,0,0,0,1,0,16000.0,2752.9,2752.9,2753.1,5335.768,2210.783,2327.25,-116.467,0.5212,,0.0,0.34,low,0.411,0.088,0.342,0.098,0.232,0.085,0.063,0.18,0.0
belfast_12_02,12,2,-6.047273,54.679429,0,0,0,0,0,1,1,0,16000.0,1940.6,1941.0,1940.6,7420.135,3078.211,2334.35,743.861,0.3648,,0.0,0.58,medium,0.411,0.088,0.346,0.098,0.232,0.095,0.068,0.18,0.0
belfast_12_03,12,3,-6.033637,54.679429,0,0,0,0,0,1,2,0,32000.0,1221.9,1223.4,1221.9,14551.841,6045.233,2367.8,3677.433,0.0,,0.0,0.58,medium,0.415,0.088,0.357,0.098,0.236,0.117,0.079,0.18,0.0
belfast_12_04,12,4,-6.020001,54.679429,0,0,0,3,1,1,4,1500.0,64000.0,871.8,875.4,871.8,25375.335,10551.055,2436.8,8114.255,0.0,,0.0,0.58,medium,0.425,0.103,0.368,0.144,0.239,0.14,0.09,0.18,0.0
belfast_12_05,12,5,-6.006364,54.679429,1,1,1,1,0,2,5,500.0,80000.0,68.6,68.6,1251.9,33542.918,13970.139,2466.3,11503.839,0.0,,0.0,0.58,medium,0.43,0.118,0.356,0.19,0.222,0.154,0.097,0.18,0.0
belfast_12_06,12,6,-5.992728,54.679429,0,0,2,3,1,3,6,1500.0,96000.0,720.7,720.7,736.9,42913.933,17847.154,2478.35,15368.804,0.0,,0.0,0.58,medium,0.433,0.118,0.357,0.19,0.223,0.152,0.096,0.18,0.0
belfast_12_07,12,7,-5.979091,54.679429,0,0,2,4,2,4,6,2000.0,96000.0,703.8,703.8,711.1,49495.429,20600.692,2466.15,18134.542,0.0,,0.0,0.58,medium,0.432,0.118,0.357,0.19,0.229,0.134,0.087,0.18,0.0
belfast_12_08,12,8,-5.965455,54.679429,0,1,2,2,1,4,8,1000.0,128000.0,336.2,336.2,363.4,61188.546,25491.071,2362.0,23129.071,0.0,,0.0,0.58,medium,0.418,0.088,0.334,0.098,0.215,0.11,0.075,0.18,0.0
belfast_12_09,12,9,-5.951819,54.679429,0,0,0,7,2,4,7,3500.0,112000.0,803.5,803.5,840.4,57002.294,23771.362,2346.35,21425.012,0.0,,0.0,0.58,medium,0.415,0.088,0.342,0.098,0.23,0.091,0.065,0.18,0.0
belfast_12_10,12,10,-5.938182,54.679429,0,0,0,1,0,4,7,500.0,112000.0,983.0,983.0,1319.0,52582.341,21926.043,2320.55,19605.493,0.0,,0.0,0.58,medium,0.41,0.088,0.338,0.098,0.228,0.085,0.063,0.18,0.0
belfast_12_11,12,11,-5.924546,54.679429,0,1,1,5,1,2,7,2500.0,112000.0,478.9,478.9,791.8,47748.544,19969.687,2322.05,17647.637,0.0,,0.0,0.58,medium,0.409,0.088,0.339,0.098,0.225,0.096,0.068,0.18,0.0
belfast_12_12,12,12,-5.91091,54.679429,1,2,2,7,1,1,6,3500.0,96000.0,244.7,244.7,780.5,37842.001,15880.95,2366.1,13514.85,0.0,,0.0,0.58,medium,0.414,0.088,0.36,0.098,0.233,0.118,0.099,0.18,0.0
belfast_12_13,12,13,-5.897273,54.679429,0,0,1,2,0,1,4,1000.0,64000.0,686.1,686.1,1460.1,22853.916,9569.577,2420.95,7148.627,0.0,,0.0,0.58,medium,0.422,0.088,0.378,0.098,0.243,0.141,0.112,0.18,0.0
belfast_12_14,12,14,-5.883637,54.679429,0,0,0,0,0,0,3,0,48000.0,1477.9,1477.9,2279.2,13990.858,5832.805,2458.1,3374.705,0.0,,0.0,0.58,medium,0.429,0.088,0.382,0.098,0.248,0.154,0.097,0.18,0.0
belfast_12_15,12,15,-5.870001,54.679429,0,0,0,0,0,0,1,0,16000.0,1828.9,1828.9,3130.1,4720.006,1969.77,2462.35,-492.58,0.5896,,0.0,0.58,medium,0.431,0.088,0.378,0.098,0.245,0.151,0.096,0.18,0.0
belfast_12_16,12,16,-5.856364,54.679429,0,0,0,0,0,0,1,0,16000.0,2058.8,2058.8,3992.6,3299.319,1372.337,2435.25,-1062.913,0.6933,,0.0,0.58,medium,0.428,0.088,0.367,0.098,0.24,0.134,0.087,0.18,0.0
belfast_12_17,12,17,-5.842728,54.679429,0,0,0,0,0,0,0,0,0,2583.1,2583.1,4130.0,16.8,8.769,2387.3,-2378.531,0.9325,,0.0,0.34,low,0.421,0.088,0.354,0.098,0.235,0.11,0.075,0.18,0.0
belfast_12_18,12,18,-5.829091,54.679429,0,0,0,0,0,0,1,0,16000.0,3262.9,3262.9,3846.6,3442.797,1426.189,2343.55,-917.361,0.6668,,0.0,0.34,low,0.414,0.088,0.344,0.098,0.232,0.091,0.065,0.18,0.0
belfast_12_19,12,19,-5.815455,54.679429,0,0,0,0,0,0,1,0,16000.0,3752.1,3755.5,3752.1,3570.223,1478.406,2323.8,-845.394,0.6537,,0.0,0.34,low,0.41,0.088,0.343,0.098,0.232,0.085,0.063,0.18,0.0
belfast_12_20,12,20,-5.801819,54.679429,0,0,0,0,0,0,1,0,16000.0,3860.2,3862.8,3860.2,3418.746,1415.644,2336.1,-920.456,0.6674,,0.0,0.34,low,0.411,0.088,0.348,0.098,0.234,0.096,0.068,0.18,0.0
belfast_12_21,12,21,-5.788182,54.679429,0,0,0,0,0,0,0,0,0,4155.1,4155.1,4155.3,0.0,0.0,2373.65,-2373.65,0.9316,,0.0,0.34,low,0.416,0.088,0.359,0.098,0.238,0.118,0.079,0.18,0.0
belfast_13_00,13,0,-6.074546,54.692286,0,0,0,0,0,0,1,0,16000.0,3529.5,3529.5,3531.5,3900.432,1615.249,2335.65,-720.401,0.631,,0.0,0.34,low,0.411,0.088,0.348,0.098,0.235,0.095,0.068,0.18,0.0
belfast_13_01,13,1,-6.06091,54.692286,0,0,0,0,0,0,1,0,16000.0,2666.2,2666.2,2668.4,5520.576,2287.444,2374.5,-87.056,0.5158,,0.0,0.34,low,0.416,0.088,0.361,0.098,0.24,0.117,0.079,0.18,0.0
belfast_13_02,13,2,-6.047273,54.692286,0,0,0,0,0,1,1,0,16000.0,1816.2,1816.2,1818.7,7795.471,3234.406,2421.35,813.056,0.3522,,0.0,0.58,medium,0.423,0.088,0.373,0.098,0.244,0.14,0.09,0.18,0.0
belfast_13_03,13,3,-6.033637,54.692286,0,0,0,0,0,1,2,0,32000.0,1014.3,1014.3,1017.5,14547.187,6047.11,2456.15,3590.96,0.0,,0.0,0.58,medium,0.429,0.088,0.379,0.098,0.245,0.154,0.097,0.18,0.0
belfast_13_04,13,4,-6.020001,54.692286,0,0,2,2,1,1,4,1000.0,64000.0,543.8,543.8,550.1,25293.012,10524.087,2457.4,8066.687,0.0,,0.0,0.58,medium,0.43,0.088,0.376,0.098,0.243,0.152,0.096,0.18,0.0
belfast_13_05,13,5,-6.006364,54.692286,0,0,0,0,0,1,5,0,80000.0,1043.9,1043.9,1053.4,30902.278,12828.633,2453.3,10375.333,0.0,,0.0,0.58,medium,0.43,0.103,0.366,0.144,0.239,0.134,0.087,0.18,0.0
belfast_13_06,13,6,-5.992728,54.692286,0,0,0,0,0,2,5,0,80000.0,1608.3,1608.3,1859.1,34222.667,14198.972,2432.9,11766.072,0.0,,0.0,0.58,medium,0.427,0.118,0.354,0.19,0.235,0.11,0.075,0.18,0.0
belfast_13_07,13,7,-5.979091,54.692286,0,0,0,2,1,3,6,1000.0,96000.0,978.9,978.9,990.3,42485.768,17648.756,2342.25,15306.506,0.0,,0.0,0.58,medium,0.414,0.088,0.342,0.098,0.23,0.091,0.065,0.18,0.0
belfast_13_08,13,8,-5.965455,54.692286,2,2,2,7,2,3,7,3500.0,112000.0,157.8,157.8,168.5,54023.86,22534.288,2322.5,20211.788,0.0,,0.0,0.58,medium,0.41,0.088,0.341,0.098,0.23,0.085,0.063,0.18,0.0
belfast_13_09,13,9,-5.951819,54.692286,0,0,5,7,2,3,6,3500.0,96000.0,560.6,560.6,612.9,49125.654,20513.913,2320.1,18193.813,0.0,,0.0,0.58,medium,0.409,0.088,0.336,0.098,0.222,0.096,0.068,0.18,0.0
belfast_13_10,13,10,-5.938182,54.692286,0,0,3,3,0,3,6,1500.0,96000.0,553.8,553.8,1186.9,43104.788,18002.975,2357.65,15645.325,0.0,,0.0,0.58,medium,0.414,0.088,0.347,0.098,0.225,0.118,0.079,0.18,0.0
belfast_13_11,13,11,-5.924546,54.692286,0,1,4,9,1,2,5,4500.0,80000.0,407.0,407.0,890.3,35575.414,14934.178,2407.75,12526.428,0.0,,0.0,0.58,medium,0.421,0.088,0.364,0.098,0.234,0.141,0.09,0.18,0.0
belfast_13_12,13,12,-5.91091,54.692286,0,4,6,8,1,1,5,4000.0,80000.0,273.2,273.2,880.3,30285.773,12773.797,2457.45,10316.347,0.0,,0.0,0.58,medium,0.429,0.088,0.381,0.098,0.247,0.154,0.097,0.18,0.0
belfast_13_13,13,13,-5.897273,54.692286,0,1,1,2,0,1,3,1000.0,48000.0,376.9,376.9,1515.6,16987.675,7151.769,2464.3,4687.469,0.0,,0.0,0.58,medium,0.431,0.088,0.381,0.098,0.249,0.151,0.096,0.18,0.0
belfast_13_14,13,14,-5.883637,54.692286,0,0,1,2,0,0,1,1000.0,16000.0,686.9,686.9,2314.9,6926.971,2931.333,2437.2,494.133,0.4102,,0.0,0.58,medium,0.428,0.088,0.37,0.098,0.243,0.134,0.087,0.18,0.0
belfast_13_15,13,15,-5.870001,54.692286,0,1,2,2,0,0,1,1000.0,16000.0,412.4,412.4,3156.0,5068.119,2156.576,2391.4,-234.824,0.5427,,0.0,0.58,medium,0.422,0.088,0.354,0.098,0.235,0.11,0.075,0.18,0.0
belfast_13_16,13,16,-5.856364,54.692286,0,0,0,0,0,0,0,0,0,1031.4,1031.4,4012.7,184.322,96.216,2342.25,-2246.034,0.9084,,0.0,0.58,medium,0.414,0.088,0.342,0.098,0.229,0.091,0.065,0.18,0.0
belfast_13_17,13,17,-5.842728,54.692286,0,0,0,0,0,0,0,0,0,1869.9,1869.9,4876.8,46.742,24.4,2321.2,-2296.8,0.9176,,0.0,0.58,medium,0.41,0.088,0.339,0.098,0.229,0.085,0.063,0.18,0.0
belfast_13_18,13,18,-5.829091,54.692286,0,0,0,0,0,0,0,0,0,2733.0,2733.0,5242.2,12.05,6.29,2332.0,-2325.71,0.9229,,0.0,0.34,low,0.41,0.088,0.348,0.098,0.234,0.096,0.068,0.18,0.0
belfast_13_19,13,19,-5.815455,54.692286,0,0,0,0,0,0,0,0,0,3602.9,3602.9,5173.2,3.162,1.651,2375.6,-2373.949,0.9316,,0.0,0.34,low,0.416,0.088,0.362,0.098,0.24,0.118,0.079,0.18,0.0
belfast_13_20,13,20,-5.801819,54.692286,0,0,0,0,0,0,0,0,0,4475.6,4475.6,5252.2,0.0,0.0,2423.1,-2423.1,0.9406,,0.0,0.34,low,0.423,0.088,0.375,0.098,0.246,0.141,0.091,0.18,0.0
belfast_13_21,13,21,-5.788182,54.692286,0,0,0,0,0,0,0,0,0,5350.0,5350.0,5472.6,0.0,0.0,2456.8,-2456.8,0.9467,,0.0,0.34,low,0.429,0.088,0.38,0.098,0.247,0.154,0.097,0.18,0.0
